ORF,RFP_Counts,Codon_counts,Codon
YAL001C,0,0,TTT
YAL001C,0,0,TTC
YAL001C,0,0,TTA
YAL001C,0,0,TTG
YAL001C,0,0,TCT
YAL001C,0,0,TCC
YAL001C,0,0,TCA
YAL001C,0,0,TCG
YAL001C,0,0,TAT
YAL001C,0,0,TAC
YAL001C,0,0,TAA
YAL001C,0,1,TAG
YAL001C,0,0,TGT
YAL001C,0,0,TGC
YAL001C,0,0,TGA
YAL001C,0,0,TGG
YAL001C,0,0,CTT
YAL001C,0,0,CTC
YAL001C,0,0,CTA
YAL001C,0,0,CTG
YAL001C,0,0,CCT
YAL001C,0,0,CCC
YAL001C,0,0,CCA
YAL001C,0,0,CCG
YAL001C,0,0,CAT
YAL001C,0,0,CAC
YAL001C,0,0,CAA
YAL001C,0,0,CAG
YAL001C,0,0,CGT
YAL001C,0,0,CGC
YAL001C,0,0,CGA
YAL001C,0,0,CGG
YAL001C,0,0,ATT
YAL001C,0,0,ATC
YAL001C,0,0,ATA
YAL001C,0,1,ATG
YAL001C,0,0,ACT
YAL001C,0,0,ACC
YAL001C,0,0,ACA
YAL001C,0,0,ACG
YAL001C,0,0,AAT
YAL001C,0,0,AAC
YAL001C,0,0,AAA
YAL001C,0,0,AAG
YAL001C,0,0,AGT
YAL001C,0,0,AGC
YAL001C,0,0,AGA
YAL001C,0,0,AGG
YAL001C,0,0,GTT
YAL001C,0,0,GTC
YAL001C,0,0,GTA
YAL001C,0,0,GTG
YAL001C,0,0,GCT
YAL001C,5,1,GCC
YAL001C,0,0,GCA
YAL001C,4,2,GCG
YAL001C,0,0,GAT
YAL001C,0,0,GAC
YAL001C,0,0,GAA
YAL001C,0,0,GAG
YAL001C,0,0,GGT
YAL001C,2,1,GGC
YAL001C,0,0,GGA
YAL001C,0,0,GGG
YAL002W,4,2,TTT
YAL002W,0,0,TTC
YAL002W,0,0,TTA
YAL002W,0,0,TTG
YAL002W,0,0,TCT
YAL002W,0,0,TCC
YAL002W,0,0,TCA
YAL002W,0,0,TCG
YAL002W,0,0,TAT
YAL002W,0,0,TAC
YAL002W,0,0,TAA
YAL002W,3,1,TAG
YAL002W,0,0,TGT
YAL002W,0,0,TGC
YAL002W,0,0,TGA
YAL002W,0,0,TGG
YAL002W,1,2,CTT
YAL002W,0,0,CTC
YAL002W,0,0,CTA
YAL002W,0,0,CTG
YAL002W,0,0,CCT
YAL002W,0,0,CCC
YAL002W,0,0,CCA
YAL002W,0,0,CCG
YAL002W,0,0,CAT
YAL002W,0,0,CAC
YAL002W,0,0,CAA
YAL002W,0,0,CAG
YAL002W,0,0,CGT
YAL002W,0,0,CGC
YAL002W,0,0,CGA
YAL002W,0,0,CGG
YAL002W,0,0,ATT
YAL002W,0,0,ATC
YAL002W,0,0,ATA
YAL002W,0,1,ATG
YAL002W,0,0,ACT
YAL002W,0,0,ACC
YAL002W,0,0,ACA
YAL002W,0,0,ACG
YAL002W,0,0,AAT
YAL002W,0,0,AAC
YAL002W,0,0,AAA
YAL002W,0,0,AAG
YAL002W,0,0,AGT
YAL002W,0,0,AGC
YAL002W,0,0,AGA
YAL002W,0,0,AGG
YAL002W,0,0,GTT
YAL002W,0,0,GTC
YAL002W,0,0,GTA
YAL002W,0,0,GTG
YAL002W,0,0,GCT
YAL002W,0,0,GCC
YAL002W,0,0,GCA
YAL002W,0,0,GCG
YAL002W,0,0,GAT
YAL002W,0,0,GAC
YAL002W,0,0,GAA
YAL002W,0,0,GAG
YAL002W,0,0,GGT
YAL002W,0,0,GGC
YAL002W,0,0,GGA
YAL002W,0,0,GGG
YAL003W,0,0,TTT
YAL003W,0,0,TTC
YAL003W,0,0,TTA
YAL003W,0,0,TTG
YAL003W,0,0,TCT
YAL003W,0,0,TCC
YAL003W,0,0,TCA
YAL003W,0,0,TCG
YAL003W,0,0,TAT
YAL003W,0,0,TAC
YAL003W,0,0,TAA
YAL003W,0,1,TAG
YAL003W,0,0,TGT
YAL003W,0,0,TGC
YAL003W,0,0,TGA
YAL003W,0,0,TGG
YAL003W,0,0,CTT
YAL003W,0,0,CTC
YAL003W,0,0,CTA
YAL003W,0,0,CTG
YAL003W,0,0,CCT
YAL003W,0,0,CCC
YAL003W,0,0,CCA
YAL003W,0,0,CCG
YAL003W,0,0,CAT
YAL003W,0,0,CAC
YAL003W,0,0,CAA
YAL003W,0,0,CAG
YAL003W,0,0,CGT
YAL003W,0,0,CGC
YAL003W,0,0,CGA
YAL003W,0,0,CGG
YAL003W,0,0,ATT
YAL003W,0,0,ATC
YAL003W,0,0,ATA
YAL003W,13,5,ATG
YAL003W,0,0,ACT
YAL003W,0,0,ACC
YAL003W,0,0,ACA
YAL003W,0,0,ACG
YAL003W,0,0,AAT
YAL003W,0,0,AAC
YAL003W,0,0,AAA
YAL003W,0,0,AAG
YAL003W,0,0,AGT
YAL003W,0,0,AGC
YAL003W,0,0,AGA
YAL003W,0,0,AGG
YAL003W,0,0,GTT
YAL003W,0,0,GTC
YAL003W,0,0,GTA
YAL003W,0,0,GTG
YAL003W,0,0,GCT
YAL003W,0,0,GCC
YAL003W,0,0,GCA
YAL003W,0,0,GCG
YAL003W,0,0,GAT
YAL003W,0,0,GAC
YAL003W,0,0,GAA
YAL003W,0,0,GAG
YAL003W,0,0,GGT
YAL003W,0,0,GGC
YAL003W,0,0,GGA
YAL003W,0,0,GGG